{"status": "passed", "timestamp": 1768949402.8375812, "last_alert_at": 1768949402.8375812}