{"status": "failed", "timestamp": 1768753539.8792884, "last_alert_at": 1768753562.4463484}