{"status": "failed", "timestamp": 1768695724.777697, "last_alert_at": 1768695853.0416727}