{"status": "passed", "timestamp": 1768750024.0303204, "last_alert_at": 1768750024.0303204}